{"pos":{"x":129.923583984375,"y":144.688232421875}}