{"pos":{"x":412.5414733886719,"y":324.04095458984377}}